species,latitude,longitude
Athene cunicularia,45.43005,-76.34969
Athene cunicularia,49.05,-122.3
Athene cunicularia,41.774384,-82.660446
Athene cunicularia,48.38028,-89.248795
Athene cunicularia,45.426876,-76.34326
Athene cunicularia,45.426876,-76.34326
Athene cunicularia,45.426876,-76.34326
Athene cunicularia,45.426876,-76.34326
Athene cunicularia,45.426876,-76.34326
Athene cunicularia,42.54663,-82.49102
Athene cunicularia,45.426876,-76.34326
Athene cunicularia,48.38028,-89.248795
Athene cunicularia,43.843994,-79.62917
Athene cunicularia,43.843994,-79.62917
Athene cunicularia,50.126741,-110.045242
Athene cunicularia,50.126741,-110.045242
Athene cunicularia,50.126741,-110.045242
Athene cunicularia,49.017712,-107.516324
Athene cunicularia,49.037075,-107.672404
Athene cunicularia,50.240533,-111.281634
Athene cunicularia,49.039502,-106.538668
Athene cunicularia,49.126812,-106.430079
Athene cunicularia,49.189462,-106.531845
Athene cunicularia,49.196566,-107.446006
Athene cunicularia,49.037325,-107.542578
Athene cunicularia,49.161846,-107.583112
Athene cunicularia,49.100449,-106.407269
Athene cunicularia,49.274445,-107.51054
Athene cunicularia,50.758027,-120.044092
Athene cunicularia,49.174134,-106.432342
Athene cunicularia,49.120167,-107.587676
Athene cunicularia,49.236259,-107.554112
Athene cunicularia,49.045353,-107.598178
Athene cunicularia,49.194398,-110.039279
Athene cunicularia,49.243583,-107.432885
Athene cunicularia,49.203996,-107.502758
Athene cunicularia,49.223645,-107.495106
Athene cunicularia,49.220875,-107.501702
Athene cunicularia,49.695379,-104.124842
Athene cunicularia,49.04974,-107.450926
Athene cunicularia,49.292749,-107.477451
Athene cunicularia,49.261714,-119.609745
Athene cunicularia,50.112679,-105.292811
Athene cunicularia,49.234366,-119.721485
Athene cunicularia,50.034473,-110.744226
Athene cunicularia,49.167019,-106.405869
Athene cunicularia,49.674167,-104.026673
Athene cunicularia,49.705492,-104.175926
Athene cunicularia,50.238523,-111.16244
Athene cunicularia,51.034486,-114.069672
Athene cunicularia,49.223588,-119.751053
Athene cunicularia,49.352859,-119.636686
Athene cunicularia,49.258913,-119.609267
Athene cunicularia,49.333464,-119.675586
Athene cunicularia,49.21289,-119.683081
Athene cunicularia,49.21273,-119.796994
Athene cunicularia,49.088726,-122.911321
Athene cunicularia,49.150773,-122.964591
Athene cunicularia,49.048371,-110.343592
Athene cunicularia,48.455181,-123.580739
Athene cunicularia,49.275714,-111.06639
Athene cunicularia,43.479313,-65.552509
Athene cunicularia,50.404532,-116.046119
Athene cunicularia,49.200045,-119.705718
Athene cunicularia,49.082843,-106.709854
Athene cunicularia,49.035898,-107.472994
Athene cunicularia,49.996502,-115.743168
Athene cunicularia,50.383677,-104.451828
Athene cunicularia,49.398071,-107.487876
Athene cunicularia,49.167915,-107.375337
Athene cunicularia,49.246927,-107.485005
Athene cunicularia,49.103337,-107.450321
Athene cunicularia,49.335686,-107.59891
Athene cunicularia,49.251259,-107.481081
Athene cunicularia,49.301294,-107.519347
Athene cunicularia,49.057106,-107.381127
Athene cunicularia,49.234106,-119.637143
Athene cunicularia,49.038546,-107.408983
Athene cunicularia,49.107977,-107.55692
Athene cunicularia,49.368456,-107.694331
Athene cunicularia,49.06523,-107.405363
Athene cunicularia,50.205186,-111.264363
Athene cunicularia,49.016694,-107.410124
Athene cunicularia,49.295949,-107.599488
Athene cunicularia,49.516305,-110.938592
Athene cunicularia,49.451146,-105.847293
Athene cunicularia,49.307416,-110.692442
Athene cunicularia,49.001497,-107.587968
Athene cunicularia,49.142877,-106.543172
Athene cunicularia,50.307258,-111.591179
Athene cunicularia,49.083958,-107.484935
Athene cunicularia,49.312836,-107.59608
Athene cunicularia,49.356551,-107.465824
Athene cunicularia,49.191171,-107.365085
Athene cunicularia,49.138406,-107.427336
Athene cunicularia,48.609955,-68.10611
Athene cunicularia,44.724194,-66.75429
Athene cunicularia,44.6708,-66.79609
Athene cunicularia,48.609955,-68.10611
Athene cunicularia,43.522167,-65.41165
Athene cunicularia,44.724194,-66.75429
Athene cunicularia,48.610043,-68.10546
Athene cunicularia,44.6708,-66.79609
Athene cunicularia,44.6708,-66.79609
Athene cunicularia,43.522167,-65.41165
Athene cunicularia,48.609955,-68.10611
Athene cunicularia,44.6708,-66.79609
Athene cunicularia,43.522167,-65.41165
Athene cunicularia,45.426876,-76.34326
Athene cunicularia,43.522167,-65.41165
Athene cunicularia,48.60981,-68.10679
Athene cunicularia,43.522167,-65.41165
Athene cunicularia,48.84918,-64.20826
Athene cunicularia,44.6708,-66.79609
Athene cunicularia,44.6708,-66.79609
Athene cunicularia,44.722523,-66.74973
Athene cunicularia,43.522167,-65.41165
Athene cunicularia,44.6708,-66.79609
Athene cunicularia,44.6708,-66.79609
Athene cunicularia,48.609936,-68.10634
Athene cunicularia,43.62827,-79.32917
Athene cunicularia,43.522167,-65.41165
Athene cunicularia,44.6708,-66.79609
Athene cunicularia,48.609955,-68.10611
Athene cunicularia,44.722523,-66.74973
Athene cunicularia,45.87,-64.28
Athene cunicularia,48.609955,-68.10611
Athene cunicularia,48.609955,-68.10611
Athene cunicularia,48.609955,-68.10611
Athene cunicularia,48.60998,-68.10612
Athene cunicularia,42.26359,-81.94591
Athene cunicularia,44.724194,-66.75429
Athene cunicularia,48.609955,-68.10611
Athene cunicularia,43.522167,-65.41165
Athene cunicularia,48.609837,-68.10672
Athene cunicularia,48.609894,-68.10641
Athene cunicularia,43.49887,-65.40449
Athene cunicularia,48.609955,-68.10611
Athene cunicularia,48.609955,-68.10611
Athene cunicularia,44.6708,-66.79609
Athene cunicularia,48.609955,-68.10611
Athene cunicularia,44.724194,-66.75429
Athene cunicularia,48.610043,-68.10546
Athene cunicularia,48.609955,-68.10611
Athene cunicularia,48.609955,-68.10611
Athene cunicularia,43.499825,-65.40378
Athene cunicularia,44.6708,-66.79609
Athene cunicularia,48.60602,-68.111725
Athene cunicularia,48.609955,-68.10611
Athene cunicularia,48.60988,-68.10621
Athene cunicularia,48.609955,-68.10611
Athene cunicularia,44.724194,-66.75429
Athene cunicularia,48.609955,-68.10611
Athene cunicularia,43.522167,-65.41165
Athene cunicularia,44.6708,-66.79609
Athene cunicularia,48.609955,-68.10611
Athene cunicularia,43.522167,-65.41165
Athene cunicularia,43.522167,-65.41165
Athene cunicularia,43.498978,-65.40469
Athene cunicularia,48.60988,-68.1065
Athene cunicularia,45.426876,-76.34326
Athene cunicularia,48.609894,-68.10641
Athene cunicularia,44.6708,-66.79609
Athene cunicularia,43.499687,-65.4037
Athene cunicularia,48.609955,-68.10611
Athene cunicularia,43.522167,-65.41165
Athene cunicularia,44.724194,-66.75429
Athene cunicularia,48.609955,-68.10611
Athene cunicularia,43.499935,-65.40371
Athene cunicularia,48.609955,-68.10611
Athene cunicularia,48.609955,-68.10611
Athene cunicularia,48.60998,-68.10612
Athene cunicularia,48.609894,-68.10641
Athene cunicularia,48.609955,-68.10611
Athene cunicularia,43.522167,-65.41165
Athene cunicularia,48.609955,-68.10611
Athene cunicularia,48.609955,-68.10611
Athene cunicularia,43.522167,-65.41165
Athene cunicularia,48.611355,-68.101166
Athene cunicularia,48.609955,-68.10611
Athene cunicularia,43.500244,-65.40376
Athene cunicularia,43.522167,-65.41165
Athene cunicularia,48.854774,-64.20539
Athene cunicularia,44.724194,-66.75429
Athene cunicularia,48.609955,-68.10611
Athene cunicularia,44.6708,-66.79609
Athene cunicularia,43.522167,-65.41165
Athene cunicularia,48.609955,-68.10611
Athene cunicularia,44.72889,-66.75395
Athene cunicularia,48.609955,-68.10611
Athene cunicularia,48.609894,-68.10641
Athene cunicularia,44.6708,-66.79609
Athene cunicularia,48.609955,-68.10611
Athene cunicularia,43.522167,-65.41165
Athene cunicularia,48.610268,-68.10514
Athene cunicularia,44.724194,-66.75429
Athene cunicularia,43.62827,-79.32917
Athene cunicularia,44.6708,-66.79609
Athene cunicularia,45.426876,-76.34326
Athene cunicularia,48.609955,-68.10611
Athene cunicularia,44.6708,-66.79609
Athene cunicularia,44.6708,-66.79609
Athene cunicularia,44.724194,-66.75429
Athene cunicularia,43.522167,-65.41165
Athene cunicularia,48.609955,-68.10611
Athene cunicularia,43.49709,-65.40428
Athene cunicularia,48.609833,-68.106804
Athene cunicularia,48.609806,-68.106766
Athene cunicularia,48.611355,-68.101166
Athene cunicularia,43.522167,-65.41165
Athene cunicularia,44.71289,-66.79692
Athene cunicularia,43.522167,-65.41165
Athene cunicularia,43.50004,-65.4038
Athene cunicularia,48.609955,-68.10611
Athene cunicularia,43.62827,-79.32917
Athene cunicularia,44.6708,-66.79609
Athene cunicularia,43.522167,-65.41165
Athene cunicularia,48.609898,-68.10625
Athene cunicularia,48.609955,-68.10611
Athene cunicularia,48.609955,-68.10611
Athene cunicularia,48.609955,-68.10611
Athene cunicularia,43.499287,-65.40422
Athene cunicularia,44.6708,-66.79609
Athene cunicularia,48.609894,-68.10641
Athene cunicularia,48.609955,-68.10611
Athene cunicularia,43.522167,-65.41165
Athene cunicularia,48.608868,-68.10984
Athene cunicularia,43.522167,-65.41165
Athene cunicularia,45.426876,-76.34326
Athene cunicularia,41.774384,-82.660446
Athene cunicularia,48.609955,-68.10611
Athene cunicularia,43.50004,-65.403824
Athene cunicularia,43.522167,-65.41165
Athene cunicularia,43.522167,-65.41165
Athene cunicularia,43.522167,-65.41165
Athene cunicularia,43.522167,-65.41165
Athene cunicularia,43.522167,-65.41165
Athene cunicularia,44.6708,-66.79609
Athene cunicularia,48.609955,-68.10611
Athene cunicularia,44.6708,-66.79609
Athene cunicularia,43.522167,-65.41165
Athene cunicularia,48.609955,-68.10611
Athene cunicularia,48.609955,-68.10611
Athene cunicularia,48.609955,-68.10611
Athene cunicularia,48.609955,-68.10611
Athene cunicularia,43.522167,-65.41165
Athene cunicularia,44.6708,-66.79609
Athene cunicularia,43.50004,-65.403824
Athene cunicularia,48.60988,-68.1065
Athene cunicularia,43.496563,-65.40394
Athene cunicularia,43.522167,-65.41165
Athene cunicularia,48.60988,-68.1065
Athene cunicularia,48.609955,-68.10611
Athene cunicularia,43.522167,-65.41165
Athene cunicularia,43.50007,-65.40369
Athene cunicularia,44.724194,-66.75429
Athene cunicularia,43.522167,-65.41165
Athene cunicularia,48.609955,-68.10611
Athene cunicularia,43.500134,-65.40377
Athene cunicularia,43.522167,-65.41165
Athene cunicularia,43.499317,-65.40429
Athene cunicularia,44.724194,-66.75429
Athene cunicularia,48.60988,-68.10621
Athene cunicularia,48.60994,-68.10625
Athene cunicularia,48.609406,-68.114975
Athene cunicularia,48.609955,-68.10611
Athene cunicularia,43.500034,-65.40385
Athene cunicularia,44.6708,-66.79609
Athene cunicularia,43.49567,-65.403885
Athene cunicularia,42.26359,-81.94591
Athene cunicularia,44.724194,-66.75429
Athene cunicularia,48.609955,-68.10611
Athene cunicularia,48.609955,-68.10611
Athene cunicularia,43.522167,-65.41165
Athene cunicularia,43.498333,-65.404564
Athene cunicularia,44.6708,-66.79609
Athene cunicularia,48.609894,-68.10641
Athene cunicularia,43.522167,-65.41165
Athene cunicularia,48.609955,-68.10611
Athene cunicularia,48.609955,-68.10611
Athene cunicularia,43.522167,-65.41165
Athene cunicularia,48.609665,-68.10722
Athene cunicularia,44.6708,-66.79609
Athene cunicularia,44.6708,-66.79609
Athene cunicularia,43.522167,-65.41165
Athene cunicularia,43.62827,-79.32917
Athene cunicularia,48.610268,-68.10514
Athene cunicularia,44.6708,-66.79609
Athene cunicularia,48.609955,-68.10611
Athene cunicularia,43.522167,-65.41165
Athene cunicularia,43.522167,-65.41165
Athene cunicularia,48.609936,-68.10634
Athene cunicularia,43.522167,-65.41165
Athene cunicularia,48.854774,-64.20539
Athene cunicularia,43.522167,-65.41165
Athene cunicularia,48.609894,-68.10641
Athene cunicularia,44.6708,-66.79609
Athene cunicularia,43.522167,-65.41165
Athene cunicularia,44.6708,-66.79609
Athene cunicularia,48.609867,-68.10645
Athene cunicularia,43.522167,-65.41165
Athene cunicularia,43.522167,-65.41165
Athene cunicularia,48.609955,-68.10611
Athene cunicularia,48.60988,-68.1065
Athene cunicularia,43.522167,-65.41165
Athene cunicularia,43.522167,-65.41165
Athene cunicularia,48.60988,-68.1065
Athene cunicularia,43.502842,-65.405655
Athene cunicularia,43.522167,-65.41165
Athene cunicularia,48.609955,-68.10611
Athene cunicularia,43.522167,-65.41165
Athene cunicularia,48.609955,-68.10611
Athene cunicularia,48.609955,-68.10611
Athene cunicularia,48.609974,-68.10639
Athene cunicularia,43.49991,-65.40388
Athene cunicularia,43.522167,-65.41165
Athene cunicularia,44.724194,-66.75429
Athene cunicularia,43.522167,-65.41165
Athene cunicularia,43.522167,-65.41165
Athene cunicularia,44.6708,-66.79609
Athene cunicularia,44.6708,-66.79609
Athene cunicularia,44.6708,-66.79609
Athene cunicularia,43.522167,-65.41165
Athene cunicularia,48.854774,-64.20539
Athene cunicularia,48.609955,-68.10611
Athene cunicularia,44.724194,-66.75429
Athene cunicularia,43.522167,-65.41165
Athene cunicularia,44.724194,-66.75429
Athene cunicularia,48.609955,-68.10611
Athene cunicularia,48.855137,-64.20503
Athene cunicularia,43.522167,-65.41165
Athene cunicularia,48.609406,-68.114975
Athene cunicularia,43.522167,-65.41165
Athene cunicularia,43.522167,-65.41165
Athene cunicularia,43.522167,-65.41165
Athene cunicularia,48.854774,-64.20539
Athene cunicularia,43.496563,-65.40394
Athene cunicularia,44.724194,-66.75429
Athene cunicularia,43.49991,-65.40388
Athene cunicularia,43.522167,-65.41165
Athene cunicularia,43.522167,-65.41165
Athene cunicularia,48.609955,-68.10611
Athene cunicularia,48.602055,-68.12639
Athene cunicularia,48.609955,-68.10611
Athene cunicularia,48.609955,-68.10611
Athene cunicularia,48.609955,-68.10611
Athene cunicularia,43.522167,-65.41165
Athene cunicularia,43.522167,-65.41165
Athene cunicularia,48.60981,-68.10679
Athene cunicularia,48.609894,-68.10641
Athene cunicularia,48.609955,-68.10611
Athene cunicularia,48.609955,-68.10611
Athene cunicularia,43.522167,-65.41165
Athene cunicularia,43.49982,-65.4037
Athene cunicularia,48.611294,-68.10167
Athene cunicularia,48.854774,-64.20539
Athene cunicularia,48.609955,-68.10611
Athene cunicularia,43.499157,-65.40421
Athene cunicularia,44.724194,-66.75429
Athene cunicularia,43.522167,-65.41165
Athene cunicularia,48.609848,-68.10641
Athene cunicularia,43.522427,-65.41135
Athene cunicularia,43.522167,-65.41165
Athene cunicularia,48.609955,-68.10611
Athene cunicularia,48.609955,-68.10611
Athene cunicularia,43.522167,-65.41165
Athene cunicularia,43.499935,-65.40371
Athene cunicularia,43.522167,-65.41165
Athene cunicularia,43.522167,-65.41165
Athene cunicularia,48.609955,-68.10611
Athene cunicularia,44.724194,-66.75429
Athene cunicularia,43.62827,-79.32917
Athene cunicularia,43.49991,-65.40388
Athene cunicularia,44.6708,-66.79609
Athene cunicularia,43.522167,-65.41165
Athene cunicularia,43.522167,-65.41165
Athene cunicularia,43.522167,-65.41165
Athene cunicularia,44.6708,-66.79609
Athene cunicularia,44.6708,-66.79609
Athene cunicularia,48.609955,-68.10611
Athene cunicularia,43.522167,-65.41165
Athene cunicularia,48.609955,-68.10611
Athene cunicularia,48.60988,-68.1065
Athene cunicularia,48.298496,-78.14283
Athene cunicularia,43.522167,-65.41165
Athene cunicularia,43.522167,-65.41165
Athene cunicularia,48.609955,-68.10611
Athene cunicularia,43.505222,-65.40641
Athene cunicularia,44.6708,-66.79609
Athene cunicularia,43.522167,-65.41165
Athene cunicularia,48.609955,-68.10611
Athene cunicularia,48.854774,-64.20539
Athene cunicularia,44.6708,-66.79609
Athene cunicularia,48.609955,-68.10611
Athene cunicularia,48.60983,-68.10674
Athene cunicularia,44.6708,-66.79609
Athene cunicularia,48.6096,-68.107765
Athene cunicularia,44.6708,-66.79609
Athene cunicularia,43.522167,-65.41165
Athene cunicularia,43.495556,-65.40383
Athene cunicularia,44.724194,-66.75429
Athene cunicularia,48.854774,-64.20539
Athene cunicularia,43.49991,-65.40388
Athene cunicularia,48.609955,-68.10611
Athene cunicularia,43.522167,-65.41165
Athene cunicularia,43.522167,-65.41165
Athene cunicularia,48.609955,-68.10611
Athene cunicularia,43.522167,-65.41165
Athene cunicularia,48.609955,-68.10611
Athene cunicularia,48.609955,-68.10611
Athene cunicularia,48.609837,-68.10672
Athene cunicularia,43.499756,-65.403915
Athene cunicularia,43.522167,-65.41165
Athene cunicularia,48.609894,-68.10641
Athene cunicularia,44.6708,-66.79609
Athene cunicularia,48.6099,-68.10641
Athene cunicularia,48.854774,-64.20539
Athene cunicularia,48.609894,-68.10641
Athene cunicularia,43.522167,-65.41165
Athene cunicularia,43.522167,-65.41165
Athene cunicularia,44.6708,-66.79609
Athene cunicularia,43.50004,-65.40373
Athene cunicularia,43.522167,-65.41165
Athene cunicularia,48.854774,-64.20539
Athene cunicularia,48.609955,-68.10611
Athene cunicularia,44.724194,-66.75429
Athene cunicularia,43.499676,-65.403854
Athene cunicularia,43.522167,-65.41165
Athene cunicularia,45.426876,-76.34326
Athene cunicularia,43.522167,-65.41165
Athene cunicularia,43.522167,-65.41165
Athene cunicularia,43.51633,-65.41003
Athene cunicularia,42.26359,-81.94591
Athene cunicularia,43.522167,-65.41165
Athene cunicularia,48.854774,-64.20539
Athene cunicularia,43.522167,-65.41165
Athene cunicularia,43.522167,-65.41165
Athene cunicularia,43.502842,-65.405655
Athene cunicularia,48.854774,-64.20539
Athene cunicularia,43.49991,-65.40388
Athene cunicularia,44.724194,-66.75429
Athene cunicularia,44.6708,-66.79609
Athene cunicularia,43.522167,-65.41165
Athene cunicularia,48.609936,-68.10634
Athene cunicularia,48.609894,-68.10641
Athene cunicularia,43.522167,-65.41165
Athene cunicularia,43.522167,-65.41165
Athene cunicularia,43.496563,-65.40394
Athene cunicularia,43.522167,-65.41165
Athene cunicularia,43.499935,-65.40371
Athene cunicularia,48.609955,-68.10611
Athene cunicularia,43.522167,-65.41165
Athene cunicularia,43.522167,-65.41165
Athene cunicularia,43.501293,-65.40082
Athene cunicularia,48.85522,-64.20506
Athene cunicularia,48.854774,-64.20539
Athene cunicularia,43.522167,-65.41165
Athene cunicularia,48.60988,-68.1065
Athene cunicularia,44.6708,-66.79609
Athene cunicularia,44.722523,-66.74973
Athene cunicularia,44.72889,-66.75395
Athene cunicularia,43.500034,-65.40385
Athene cunicularia,43.522167,-65.41165
Athene cunicularia,41.774384,-82.660446
Athene cunicularia,43.496857,-65.404686
Athene cunicularia,48.84918,-64.20826
Athene cunicularia,43.49991,-65.40388
Athene cunicularia,48.854774,-64.20539
Athene cunicularia,44.71289,-66.79692
Athene cunicularia,43.707775,-65.04504
Athene cunicularia,43.522167,-65.41165
Athene cunicularia,43.499855,-65.40365
Athene cunicularia,42.26359,-81.94591
Athene cunicularia,43.522167,-65.41165
Athene cunicularia,44.6708,-66.79609
Athene cunicularia,43.522167,-65.41165
Athene cunicularia,43.49982,-65.4037
Athene cunicularia,43.500244,-65.40376
Athene cunicularia,43.522167,-65.41165
Athene cunicularia,48.854774,-64.20539
Athene cunicularia,44.6708,-66.79609
Athene cunicularia,48.609955,-68.10611
Athene cunicularia,43.522167,-65.41165
Athene cunicularia,48.601086,-68.12782
Athene cunicularia,48.609955,-68.10611
Athene cunicularia,48.854774,-64.20539
Athene cunicularia,43.522167,-65.41165
Athene cunicularia,43.522167,-65.41165
Athene cunicularia,48.609955,-68.10611
Athene cunicularia,48.610058,-68.10617
Athene cunicularia,48.609955,-68.10611
Athene cunicularia,43.522167,-65.41165
Athene cunicularia,43.522167,-65.41165
Athene cunicularia,43.522167,-65.41165
Athene cunicularia,43.522167,-65.41165
Athene cunicularia,43.522167,-65.41165
Athene cunicularia,43.522167,-65.41165
Athene cunicularia,43.49887,-65.40449
Athene cunicularia,45.426876,-76.34326
Athene cunicularia,48.609833,-68.106804
Athene cunicularia,43.522167,-65.41165
Athene cunicularia,43.522167,-65.41165
Athene cunicularia,48.609955,-68.10611
Athene cunicularia,43.522167,-65.41165
Athene cunicularia,44.6708,-66.79609
Athene cunicularia,43.522167,-65.41165
Athene cunicularia,49.084101,-107.416682
Athene cunicularia,49.108024,-107.455736
Athene cunicularia,49.189791,-107.519803
Athene cunicularia,49.097931,-107.410275
Athene cunicularia,49.134271,-107.452399
Athene cunicularia,49.10957,-107.412609
Athene cunicularia,49.005259,-107.419388
Athene cunicularia,49.028145,-107.462515
Athene cunicularia,49.098763,-107.44785
Athene cunicularia,49.126227,-107.463039
Athene cunicularia,49.040343,-107.5371
Athene cunicularia,49.055268,-107.469056
Athene cunicularia,49.213144,-107.407806
Athene cunicularia,49.130081,-107.486426
Athene cunicularia,49.163508,-106.432554
Athene cunicularia,49.10794,-106.550067
Athene cunicularia,49.17964,-107.505483
Athene cunicularia,49.067401,-106.47396
Athene cunicularia,49.129143,-107.510159
Athene cunicularia,49.015772,-106.436135
Athene cunicularia,49.075339,-106.592246
Athene cunicularia,50.136741,-120.421919
Athene cunicularia,49.101033,-106.510325
Athene cunicularia,49.056711,-107.463799
Athene cunicularia,49.188381,-106.420846
Athene cunicularia,49.334096,-119.789969
Athene cunicularia,49.182684,-106.537071
Athene cunicularia,49.219959,-107.544665
Athene cunicularia,49.003393,-107.547079
Athene cunicularia,49.304755,-107.585064
Athene cunicularia,49.05465,-106.446636
Athene cunicularia,50.244815,-107.629578
Athene cunicularia,49.019183,-107.464773
Athene cunicularia,49.074968,-106.513731
Athene cunicularia,49.078488,-106.458319
Athene cunicularia,49.118192,-107.587591
Athene cunicularia,49.185634,-106.489014
Athene cunicularia,50.937468,-111.234641
Athene cunicularia,48.411514,-123.319905
Athene cunicularia,49.302311,-107.590665
Athene cunicularia,49.026848,-103.012172
Athene cunicularia,49.048708,-107.493487
Athene cunicularia,62.654076,-116.164494
Athene cunicularia,49.196914,-107.56333
Athene cunicularia,49.097054,-107.596026
Athene cunicularia,49.346146,-107.535199
Athene cunicularia,49.04553,-106.548679
Athene cunicularia,49.075966,-106.507869
Athene cunicularia,49.041063,-106.488872
Athene cunicularia,50.259577,-105.00954
Athene cunicularia,49.326854,-119.683973
Athene cunicularia,49.286502,-107.555104
Athene cunicularia,49.084579,-106.56931
Athene cunicularia,49.175956,-107.514102
Athene cunicularia,49.270088,-107.495869
Athene cunicularia,49.008988,-107.581069
Athene cunicularia,49.27569,-119.724904
Athene cunicularia,49.339267,-119.784402
Athene cunicularia,49.358719,-119.411155
Athene cunicularia,49.108405,-107.42235
Athene cunicularia,49.137607,-109.112828
Athene cunicularia,49.38467,-119.7518
Athene cunicularia,49.269016,-119.679959
Athene cunicularia,49.314845,-107.46022
Athene cunicularia,49.370556,-119.604996
Athene cunicularia,49.258888,-119.6226
Athene cunicularia,49.154184,-103.229115
Athene cunicularia,49.6833,-124.9333
Athene cunicularia,49.4167,-120
Athene cunicularia,50.2333,-119.35
Athene cunicularia,49.6833,-124.9333
Athene cunicularia,50.2333,-119.35
Athene cunicularia,43.737243,-80.296331
Athene cunicularia,43.704545,-80.220275
Athene cunicularia,43.792439,-80.37818
Athene cunicularia,49.033333,-119.466667
Athene cunicularia,49.156783,-122.211215
Athene cunicularia,52.9399,-106.4509
Athene cunicularia,49.1755,-101.6275
Athene cunicularia,49.211469,-123.070377
Athene cunicularia,49.049782,-107.256507
Athene cunicularia,49.264845,-119.65503
Athene cunicularia,49.250418,-119.756722
Athene cunicularia,43.480395,-65.550912
Athene cunicularia,49.238234,-107.568216
Athene cunicularia,49.338515,-119.708333
Athene cunicularia,43.547821,-65.578223
Athene cunicularia,43.408413,-65.432925
Athene cunicularia,49.334792,-119.654689
Athene cunicularia,43.455471,-65.401593
Athene cunicularia,43.536812,-65.415157
Athene cunicularia,49.324107,-123.006874
Athene cunicularia,49.066728,-107.476864
Athene cunicularia,49.067146,-107.586389
Athene cunicularia,43.461492,-65.420265
Athene cunicularia,49.157951,-107.405825
Athene cunicularia,49.015886,-107.373935
Athene cunicularia,49.173064,-107.253399
Athene cunicularia,43.513985,-65.415101
Athene cunicularia,49.312017,-107.540554
Athene cunicularia,49.251569,-107.515107
Athene cunicularia,49.115573,-107.590179
Athene cunicularia,49.285453,-107.578119
Athene cunicularia,49.341539,-107.441063
Athene cunicularia,49.393493,-107.508746
Athene cunicularia,49.215514,-107.417996
Athene cunicularia,43.591654,-65.458232
Athene cunicularia,49.091943,-107.347468
Athene cunicularia,43.531678,-65.498678
Athene cunicularia,49.039546,-107.318642
Athene cunicularia,43.501519,-65.564114
Athene cunicularia,49.282039,-107.532492
Athene cunicularia,49.008725,-109.580588
Athene cunicularia,49.29704,-107.492865
Athene cunicularia,43.540884,-65.496128
Athene cunicularia,49.051404,-107.067863
Athene cunicularia,43.564974,-65.477306
Athene cunicularia,43.448229,-65.454527
Athene cunicularia,43.507875,-65.59857
Athene cunicularia,49.314561,-112.286915
Athene cunicularia,49.069622,-107.368617
Athene cunicularia,49.071803,-107.348219
Athene cunicularia,49.007571,-107.393827
Athene cunicularia,43.577943,-65.402029
Athene cunicularia,49.161224,-107.478916
Athene cunicularia,49.092755,-107.325343
Athene cunicularia,49.343889,-107.472483
Athene cunicularia,50.065764,-109.462448
Athene cunicularia,49.167599,-107.279466
Athene cunicularia,43.495822,-65.427567
Athene cunicularia,49.217588,-107.432274
Athene cunicularia,49.107769,-107.22095
Athene cunicularia,49.259893,-107.47121
Athene cunicularia,49.039336,-109.508717
Athene cunicularia,49.277376,-107.53566
Athene cunicularia,49.182305,-107.255602
Athene cunicularia,49.154302,-107.654554
Athene cunicularia,49.14805,-107.590646
Athene cunicularia,49.042017,-107.310318
Athene cunicularia,49.300514,-107.590419
Athene cunicularia,50.13227,-112.825755
Athene cunicularia,49.156617,-107.571084
Athene cunicularia,49.103877,-107.170561
Athene cunicularia,49.262149,-107.597101
Athene cunicularia,49.676723,-112.171669
Athene cunicularia,49.020684,-109.46182
Athene cunicularia,44.724194,-66.75429
Athene cunicularia,44.724194,-66.75429
Athene cunicularia,48.609974,-68.106224
Athene cunicularia,44.724194,-66.75429
Athene cunicularia,44.724194,-66.75429
Athene cunicularia,50.638853,-120.578922
Athene cunicularia,49.32298,-119.767506
Athene cunicularia,49.062575,-107.51642
Athene cunicularia,49.084329,-119.435402
Athene cunicularia,49.111043,-107.511645
Athene cunicularia,43.718257,-79.328467
Athene cunicularia,49.291081,-119.713192
Athene cunicularia,49.24876,-107.473831
Athene cunicularia,49.212017,-107.549952
Athene cunicularia,49.187641,-107.048304
Athene cunicularia,49.136125,-107.576988
Athene cunicularia,50.60051,-120.517357
Athene cunicularia,50.6638,-120.493037
Athene cunicularia,49.190591,-107.464636
Athene cunicularia,49.144247,-107.571228
Athene cunicularia,49.330468,-107.504078
Athene cunicularia,43.62827,-79.32917
Athene cunicularia,43.62827,-79.32917
Athene cunicularia,43.62801,-79.32444
Athene cunicularia,43.62827,-79.32917
Athene cunicularia,43.62827,-79.32917
Athene cunicularia,43.62827,-79.32917
Athene cunicularia,50.5,-111.25
Athene cunicularia,50.718,-110.253
Athene cunicularia,49.967,-112.883
Athene cunicularia,51.5,-112.5
Athene cunicularia,51.15,-112.083
Athene cunicularia,50.083,-111.55
Athene cunicularia,50.1,-111.417
Athene cunicularia,50.083,-111.55
Athene cunicularia,52.883,-118.083
Athene cunicularia,49.5,-108.583
Athene cunicularia,50.95,-113.283
Athene cunicularia,50.583,-111.883
Athene cunicularia,49.883,-97.233
Athene cunicularia,51.05,-114.083
Athene cunicularia,51.6,-114.333
Athene cunicularia,51.6,-114.333
Athene cunicularia,51.833,-113.217
Athene cunicularia,51.1,-111.583
Athene cunicularia,48.609955,-68.10611
Athene cunicularia,43.62827,-79.32917
Athene cunicularia,45.426876,-76.34326
Athene cunicularia,43.630527,-79.32489
Athene cunicularia,43.62827,-79.32917
Athene cunicularia,43.62827,-79.32917
Athene cunicularia,43.62827,-79.32917
Athene cunicularia,43.62827,-79.32917
Athene cunicularia,43.62827,-79.32917
Athene cunicularia,48.61049,-68.0995
Athene cunicularia,43.62827,-79.32917
Athene cunicularia,43.62827,-79.32917
Athene cunicularia,44.724194,-66.75429
Athene cunicularia,43.62827,-79.32917
Athene cunicularia,43.62827,-79.32917
Athene cunicularia,43.62827,-79.32917
Athene cunicularia,43.62827,-79.32917
Athene cunicularia,43.62827,-79.32917
Athene cunicularia,49.317223,-119.66666
Athene cunicularia,43.62827,-79.32917
Athene cunicularia,43.62827,-79.32917
Athene cunicularia,44.724194,-66.75429
Athene cunicularia,48.609974,-68.10663
Athene cunicularia,43.62827,-79.32917
Athene cunicularia,43.62827,-79.32917
Athene cunicularia,43.62827,-79.32917
Athene cunicularia,43.62827,-79.32917
Athene cunicularia,42.267677,-81.971855
Athene cunicularia,48.43333,-123.3
Athene cunicularia,49.35,-120.06667
Athene cunicularia,50.66667,-120.31667
Athene cunicularia,49.68333,-124.93333
Athene cunicularia,49.78333,-115.76667
Athene cunicularia,50.23333,-119.35
Athene cunicularia,49.2,-119.83333
Athene cunicularia,49.18333,-123.16667
Athene cunicularia,49.11667,-123.18333
Athene cunicularia,49.03333,-119.45
Athene cunicularia,50.66667,-120.31667
Athene cunicularia,49.16667,-121.95
Athene cunicularia,49.31667,-119.63333
Athene cunicularia,49.03333,-119.45
Athene cunicularia,45.41267,-76.3783
Athene cunicularia,43.62827,-79.32917
Athene cunicularia,43.62827,-79.32917
Athene cunicularia,43.62827,-79.32917
Athene cunicularia,45.439175,-76.38133
Athene cunicularia,43.62827,-79.32917
Athene cunicularia,43.62827,-79.32917
Athene cunicularia,43.62827,-79.32917
Athene cunicularia,43.62827,-79.32917
Athene cunicularia,45.439175,-76.38133
Athene cunicularia,43.62827,-79.32917
Athene cunicularia,43.62827,-79.32917
Athene cunicularia,43.62827,-79.32917
Athene cunicularia,43.62827,-79.32917
Athene cunicularia,48.609974,-68.10663
Athene cunicularia,48.609962,-68.10599
Athene cunicularia,48.609962,-68.10599
Athene cunicularia,48.609955,-68.10611
Athene cunicularia,43.62827,-79.32917
Athene cunicularia,49.227628,-107.711405
Athene cunicularia,49.090662,-107.267704
Athene cunicularia,49.177905,-107.232984
Athene cunicularia,50.971803,-106.519167
Athene cunicularia,49.535914,-111.432165
Athene cunicularia,49.588328,-111.412029
Athene cunicularia,49.288161,-107.432713
Athene cunicularia,50.533148,-111.758497
Athene cunicularia,49.327492,-107.51086
Athene cunicularia,49.162876,-107.528282
Athene cunicularia,49.358118,-110.867856
Athene cunicularia,49.387415,-107.421661
Athene cunicularia,49.01677,-107.439797
Athene cunicularia,49.368646,-107.592569
Athene cunicularia,49.185606,-107.500508
Athene cunicularia,49.399812,-107.545789
Athene cunicularia,49.1663,-111.595436
Athene cunicularia,50.704187,-120.590773
Athene cunicularia,49.3697,-109.12337
Athene cunicularia,50.711519,-120.495026
Athene cunicularia,49.352923,-119.740798
Athene cunicularia,49.169171,-107.556485
Athene cunicularia,49.225209,-107.511223
Athene cunicularia,49.169888,-107.396971
Athene cunicularia,49.209165,-107.53015
Athene cunicularia,49.170774,-107.500253
Athene cunicularia,49.276697,-107.579334
Athene cunicularia,50.619087,-111.237552
Athene cunicularia,49.015246,-107.71091
Athene cunicularia,49.149833,-107.535504
Athene cunicularia,49.362651,-107.410236
Athene cunicularia,49.325223,-107.552352
Athene cunicularia,49.340777,-107.43958
Athene cunicularia,49.118878,-107.546546
Athene cunicularia,49.385376,-107.591339
Athene cunicularia,49.335736,-107.499045
Athene cunicularia,49.619516,-107.795004
Athene cunicularia,49.2455,-107.7291
Athene cunicularia,49.1754,-101.6303
Athene cunicularia,49.1754,-101.6303
Athene cunicularia,49.1754,-101.6303
Athene cunicularia,49.1754,-101.6303
Athene cunicularia,49.1754,-101.6303
Athene cunicularia,50.711608,-120.405611
Athene cunicularia,49.280016,-119.601113
Athene cunicularia,49.34553,-119.753748
Athene cunicularia,43.722747,-79.347493
Athene cunicularia,49.383095,-119.705951
Athene cunicularia,49.261249,-107.410174
Athene cunicularia,49.263122,-119.646699
Athene cunicularia,49.25338,-119.763542
Athene cunicularia,50.209607,-110.815436
Athene cunicularia,49.397164,-119.745994
Athene cunicularia,49.231335,-119.677808
Athene cunicularia,49.35831,-107.573807
Athene cunicularia,49.220182,-107.504382
Athene cunicularia,49.311618,-107.467713
Athene cunicularia,49.20761,-107.586921
Athene cunicularia,49.063845,-107.428284
Athene cunicularia,49.134092,-107.594681
Athene cunicularia,49.372728,-107.565945
Athene cunicularia,49.36441,-107.510361
Athene cunicularia,49.013568,-107.525816
Athene cunicularia,50.03457,-120.62084
Athene cunicularia,49.394702,-119.453154
Athene cunicularia,50.272781,-111.07525
Athene cunicularia,49.03709,-107.503394
Athene cunicularia,49.161567,-107.4739
Athene cunicularia,49.174492,-107.301279
Athene cunicularia,50.993304,-120.482446
Athene cunicularia,49.025179,-107.584512
Athene cunicularia,43.611815,-79.384609
Athene cunicularia,49.116747,-107.581159
Athene cunicularia,43.744223,-79.326802
Athene cunicularia,43.744801,-79.233988
Athene cunicularia,48.743772,-68.1403
Athene cunicularia,48.615184,-68.089397
Athene cunicularia,43.611879,-79.398158
Athene cunicularia,50.643105,-120.508019
Athene cunicularia,48.609955,-68.10611
Athene cunicularia,48.60983,-68.106544
Athene cunicularia,48.609955,-68.10611
Athene cunicularia,48.609955,-68.10611
Athene cunicularia,48.611332,-68.10114
Athene cunicularia,48.609955,-68.10611
Athene cunicularia,48.609955,-68.10611
Athene cunicularia,48.6099,-68.10628
Athene cunicularia,48.609955,-68.10611
Athene cunicularia,48.60994,-68.10625
Athene cunicularia,48.609955,-68.10611
Athene cunicularia,48.609955,-68.10611
Athene cunicularia,48.609955,-68.10611
Athene cunicularia,48.6102,-68.105194
Athene cunicularia,48.609955,-68.10611
Athene cunicularia,48.609955,-68.10611
Athene cunicularia,48.609955,-68.10611
Athene cunicularia,48.609955,-68.10611
Athene cunicularia,48.609955,-68.10611
Athene cunicularia,43.62827,-79.32917
Athene cunicularia,48.609955,-68.10611
Athene cunicularia,48.611088,-68.10206
Athene cunicularia,48.610283,-68.104744
Athene cunicularia,48.609955,-68.10611
Athene cunicularia,48.609955,-68.10611
Athene cunicularia,48.610764,-68.10266
Athene cunicularia,48.60973,-68.104774
Athene cunicularia,48.60972,-68.10643
Athene cunicularia,48.6102,-68.105194
Athene cunicularia,44.724194,-66.75429
Athene cunicularia,43.62827,-79.32917
Athene cunicularia,48.609974,-68.10619
Athene cunicularia,48.609955,-68.10611
Athene cunicularia,43.62827,-79.32917
Athene cunicularia,48.609955,-68.10611
Athene cunicularia,48.609955,-68.10611
Athene cunicularia,48.609955,-68.10611
Athene cunicularia,43.62827,-79.32917
Athene cunicularia,48.609955,-68.10611
Athene cunicularia,43.62827,-79.32917
Athene cunicularia,48.609955,-68.10611
Athene cunicularia,48.609955,-68.10611
Athene cunicularia,48.609955,-68.10611
Athene cunicularia,48.60981,-68.10633
Athene cunicularia,48.609955,-68.10611
Athene cunicularia,48.609325,-68.10692
Athene cunicularia,48.60988,-68.10634
Athene cunicularia,48.609955,-68.10611
Athene cunicularia,48.609955,-68.10611
Athene cunicularia,48.609955,-68.10611
Athene cunicularia,48.609955,-68.10611
Athene cunicularia,48.609955,-68.10611
Athene cunicularia,48.609955,-68.10611
Athene cunicularia,48.60997,-68.10604
Athene cunicularia,48.609955,-68.10611
Athene cunicularia,48.60994,-68.10617
Athene cunicularia,48.610027,-68.10576
Athene cunicularia,48.609955,-68.10611
Athene cunicularia,43.62827,-79.32917
Athene cunicularia,48.609955,-68.10611
Athene cunicularia,43.62827,-79.32917
Athene cunicularia,48.609955,-68.10611
Athene cunicularia,43.62827,-79.32917
Athene cunicularia,43.62827,-79.32917
Athene cunicularia,43.62827,-79.32917
Athene cunicularia,48.609764,-68.10685
Athene cunicularia,43.62827,-79.32917
Athene cunicularia,48.609955,-68.10611
Athene cunicularia,48.609863,-68.10637
Athene cunicularia,48.609955,-68.10611
Athene cunicularia,48.609955,-68.10611
Athene cunicularia,48.609955,-68.10611
Athene cunicularia,48.6098,-68.10678
Athene cunicularia,48.60983,-68.106544
Athene cunicularia,48.609913,-68.10634
Athene cunicularia,43.62827,-79.32917
Athene cunicularia,48.60994,-68.10654
Athene cunicularia,48.61022,-68.1043
Athene cunicularia,48.609955,-68.10611
Athene cunicularia,43.62827,-79.32917
Athene cunicularia,45.52495,-73.396164
Athene cunicularia,48.609917,-68.106384
Athene cunicularia,48.609955,-68.10611
Athene cunicularia,48.60972,-68.10643
Athene cunicularia,48.609833,-68.106186
Athene cunicularia,48.609856,-68.10596
Athene cunicularia,48.610764,-68.10266
Athene cunicularia,48.609917,-68.106384
Athene cunicularia,48.609764,-68.10685
Athene cunicularia,48.609955,-68.10611
Athene cunicularia,48.609955,-68.10611
Athene cunicularia,43.62827,-79.32917
Athene cunicularia,48.60996,-68.1074
Athene cunicularia,48.609955,-68.10611
Athene cunicularia,48.6099,-68.107216
Athene cunicularia,48.609955,-68.10611
Athene cunicularia,44.724194,-66.75429
Athene cunicularia,48.609955,-68.10611
Athene cunicularia,48.609974,-68.10639
Athene cunicularia,48.609955,-68.10611
Athene cunicularia,48.609955,-68.10611
Athene cunicularia,43.62827,-79.32917
Athene cunicularia,48.609955,-68.10611
Athene cunicularia,48.609955,-68.10611
Athene cunicularia,48.609955,-68.10611
Athene cunicularia,48.60984,-68.106316
Athene cunicularia,43.62827,-79.32917
Athene cunicularia,48.60994,-68.10617
Athene cunicularia,48.610207,-68.10548
Athene cunicularia,42.54663,-82.49102
Athene cunicularia,48.609955,-68.10611
Athene cunicularia,48.609863,-68.10637
Athene cunicularia,48.609955,-68.10611
Athene cunicularia,48.609867,-68.10596
Athene cunicularia,48.609955,-68.10611
Athene cunicularia,48.609955,-68.10611
Athene cunicularia,48.609955,-68.10611
Athene cunicularia,48.60981,-68.10679
Athene cunicularia,48.609955,-68.10611
Athene cunicularia,48.6099,-68.107216
Athene cunicularia,48.610382,-68.10461
Athene cunicularia,48.609955,-68.10611
Athene cunicularia,48.609955,-68.10611
Athene cunicularia,48.609955,-68.10611
Athene cunicularia,44.724194,-66.75429
Athene cunicularia,43.605329,-79.313264
Athene cunicularia,49.228235,-107.509594
Athene cunicularia,49.155302,-110.457159
Athene cunicularia,49.157952,-122.073832
Athene cunicularia,45.521843,-76.200873
Athene cunicularia,49.067935,-107.457553
Athene cunicularia,49.375328,-107.407847
Athene cunicularia,49.202719,-107.545099
Athene cunicularia,50.767185,-120.556021
Athene cunicularia,43.785791,-79.395284
Athene cunicularia,43.672679,-79.336276
Athene cunicularia,49.095914,-107.446828
Athene cunicularia,49.152395,-107.481957
Athene cunicularia,49.153092,-106.537157
Athene cunicularia,49.190922,-107.432037
Athene cunicularia,49.056445,-107.229527
Athene cunicularia,49.058289,-107.456647
Athene cunicularia,49.226708,-107.598957
Athene cunicularia,49.120295,-107.425182
Athene cunicularia,49.169779,-107.536373
Athene cunicularia,49.055725,-107.546633
Athene cunicularia,49.470378,-106.580322
Athene cunicularia,50.781951,-120.435662
Athene cunicularia,49.113154,-107.555347
Athene cunicularia,48.638008,-68.198324
Athene cunicularia,50.797883,-120.52452
Athene cunicularia,48.657373,-68.06618
Athene cunicularia,48.695966,-68.139138
Athene cunicularia,49.160245,-107.667659
Athene cunicularia,49.056498,-107.719752
Athene cunicularia,49.196717,-107.445609
Athene cunicularia,49.39568,-107.455649
Athene cunicularia,48.447393,-68.157229
Athene cunicularia,49.56,-111.41
Athene cunicularia,49.028881,-107.367834
Athene cunicularia,49.093372,-100.564237
Athene cunicularia,49.107003,-107.43032
Athene cunicularia,49.226871,-123.186072
Athene cunicularia,49.318245,-107.525042
Athene cunicularia,44.611206,-63.52042
Athene cunicularia,44.724194,-66.75429
Athene cunicularia,44.724194,-66.75429
Athene cunicularia,42.26359,-81.94591
Athene cunicularia,44.724194,-66.75429
Athene cunicularia,44.724194,-66.75429
Athene cunicularia,45.46667,-73.55
Athene cunicularia,48.34567,-89.21512
Athene cunicularia,50.76209,-120.42835
Athene cunicularia,49.659536,-112.668655
Athene cunicularia,49.15176,-107.466806
Athene cunicularia,49.126383,-107.591649
Athene cunicularia,49.11132,-107.406602
Athene cunicularia,49.002245,-110.209791
Athene cunicularia,50.561406,-110.900619
Athene cunicularia,49.023481,-107.49203
Athene cunicularia,51.516716,-107.717331
Athene cunicularia,49.880371,-108.939621
Athene cunicularia,50.454838,-104.606605
Athene cunicularia,50.233299,-119.349998
Athene cunicularia,50.533741,-103.667503
Athene cunicularia,50.454842,-104.606598
Athene cunicularia,50.233299,-119.349998
Athene cunicularia,49.683056,-124.934723
Athene cunicularia,50.673332,-120.327225
Athene cunicularia,50.233299,-119.349998
Athene cunicularia,50.533741,-103.667503
Athene cunicularia,50.533741,-103.667503
Athene cunicularia,50.533745,-103.667541
Athene cunicularia,50.454838,-104.606605
Athene cunicularia,50.233299,-119.349998
Athene cunicularia,50.233299,-119.349998
Athene cunicularia,51.311348,-107.650314
Athene cunicularia,50.233299,-119.349998
Athene cunicularia,50.533745,-103.667541
Athene cunicularia,49.710339,-99.602669
Athene cunicularia,49.710346,-99.602669
Athene cunicularia,50.533745,-103.667541
Athene cunicularia,50.233299,-119.349998
Athene cunicularia,50.533741,-103.667503
Athene cunicularia,50.013173,-111.435199
Athene cunicularia,50.38717,-104.481935
Athene cunicularia,49.689191,-104.244645
Athene cunicularia,49.158225,-107.452671
Athene cunicularia,49.5111,-119.673746
Athene cunicularia,49.1001,-119.5352
Athene cunicularia,49.075355,-110.240179
Athene cunicularia,49.248305,-107.561169
Athene cunicularia,49.077275,-107.421269
Athene cunicularia,49.187716,-119.705805
Athene cunicularia,49.14601,-107.24907
Athene cunicularia,49.007319,-107.466516
Athene cunicularia,50.73831,-120.411318
Athene cunicularia,50.762088,-120.428352
Athene cunicularia,50.757052,-120.418788
Athene cunicularia,49.215858,-123.106041
Athene cunicularia,50.565502,-120.266537
Athene cunicularia,50.443224,-120.228592
Athene cunicularia,49.005079,-110.256017
Athene cunicularia,45.426876,-76.34326
Athene cunicularia,45.866566,-64.29913
Athene cunicularia,45.426876,-76.34326
Athene cunicularia,45.426876,-76.34326
Athene cunicularia,45.426876,-76.34326
Athene cunicularia,50.78502,-120.426636
Athene cunicularia,44.65998,-66.80123
Athene cunicularia,44.724194,-66.75429
Athene cunicularia,50.713814,-120.39151
Athene cunicularia,49.375753,-123.238372
Athene cunicularia,50.0652,-105.06069
Athene cunicularia,50.0652,-105.06069
Athene cunicularia,51.00937,-111.37099
Athene cunicularia,50.5425,-111.35672
Athene cunicularia,51.05246,-112.5046
Athene cunicularia,50.49985,-111.3583
Athene cunicularia,50.38772,-111.26632
Athene cunicularia,50.49931,-111.3147
Athene cunicularia,50.94236,-110.30809
Athene cunicularia,50.26059,-110.6995
Athene cunicularia,50.70217,-110.30064
Athene cunicularia,49.948951,-104.757913
Athene cunicularia,49.87296,-104.78593
Athene cunicularia,49.872902,-104.783566
Athene cunicularia,51.20759,-111.67915
Athene cunicularia,50.102341,-104.944137
Athene cunicularia,51.59045,-112.80278
Athene cunicularia,50.102341,-104.944137
Athene cunicularia,49.91316,-104.44071
Athene cunicularia,50.57603,-110.52293
Athene cunicularia,49.6336,-105.9918
Athene cunicularia,50.3346,-105.1578
Athene cunicularia,49.98333,-104.51667
Athene cunicularia,50.16667,-104
Athene cunicularia,49.98333,-104.51667
Athene cunicularia,50.01667,-105.06667
Athene cunicularia,49.19165,-102.95376
Athene cunicularia,50.4,-105.53333
Athene cunicularia,50.4,-105.53333
Athene cunicularia,50.45,-104.61667
Athene cunicularia,50.3,-104.3
Athene cunicularia,50.4,-105.71667
Athene cunicularia,50.25,-104.53333
Athene cunicularia,49.20377,-107.56179
Athene cunicularia,49.948951,-104.757913
Athene cunicularia,51.20759,-111.67915
Athene cunicularia,51.03655,-111.51657
Athene cunicularia,49.89364,-104.48651
Athene cunicularia,50.22208,-111.08698
Athene cunicularia,50.22208,-111.08698
Athene cunicularia,50.10694,-111.19708
Athene cunicularia,50.41547,-111.32772
Athene cunicularia,51.36981,-102.44838
Athene cunicularia,50.37372,-111.05862
Athene cunicularia,50.45,-104.61667
Athene cunicularia,51.63333,-106.43333
Athene cunicularia,50.16667,-105.26667
Athene cunicularia,50.83384,-108.77087
Athene cunicularia,50.89942,-108.33506
Athene cunicularia,51.03729,-111.55333
Athene cunicularia,50.8338,-108.77192
Athene cunicularia,49.28045,-104.00285
Athene cunicularia,49.918497,-104.598917
Athene cunicularia,49.919554,-104.59764
Athene cunicularia,51.03729,-111.55333
Athene cunicularia,51.09677,-111.61002
Athene cunicularia,51.82759,-111.54082
Athene cunicularia,50.82224,-108.7289
Athene cunicularia,51.09439,-108.93462
Athene cunicularia,51.24929,-107.93446
Athene cunicularia,50.49931,-111.3147
Athene cunicularia,50.97898,-108.47892
Athene cunicularia,49.07018,-104.82373
Athene cunicularia,50.89942,-108.33506
Athene cunicularia,51.10287,-109.67868
Athene cunicularia,50.50677,-109.33002
Athene cunicularia,50.92208,-111.3218
Athene cunicularia,50.02331,-104.93713
Athene cunicularia,49.87296,-104.78593
Athene cunicularia,50.166308,-105.259285
Athene cunicularia,50.118115,-104.963702
Athene cunicularia,51.09517,-111.57366
Athene cunicularia,49.94266,-104.76266
Athene cunicularia,49.95105,-104.75881
Athene cunicularia,50.02007,-104.94032
Athene cunicularia,50.118115,-104.963702
Athene cunicularia,50.18333,-104.93333
Athene cunicularia,49.91965,-104.59754
Athene cunicularia,50.18333,-104.93333
Athene cunicularia,50.51119,-110.75511
Athene cunicularia,50.35465,-111.54142
Athene cunicularia,50.4135,-111.31528
Athene cunicularia,50.53829,-111.37922
Athene cunicularia,49.40675,-105.11188
Athene cunicularia,50.07287,-104.94318
Athene cunicularia,49.872902,-104.783566
Athene cunicularia,51.0675,-111.40025
Athene cunicularia,50.10063,-109.94036
Athene cunicularia,50.4135,-111.31528
Athene cunicularia,50.07758,-112.64619
Athene cunicularia,50.53829,-111.37922
Athene cunicularia,49.29802,-108.92877
Athene cunicularia,50.4198,-111.58419
Athene cunicularia,49.29802,-108.92877
Athene cunicularia,50.29287,-111.36822
Athene cunicularia,50.58801,-112.28667
Athene cunicularia,50.58801,-112.28667
Athene cunicularia,50.41547,-111.32772
Athene cunicularia,50.2386,-109.34936
Athene cunicularia,49.21979,-109.85482
Athene cunicularia,50.71712,-112.43309
Athene cunicularia,50.78328,-108.65343
Athene cunicularia,50.2386,-109.34936
Athene cunicularia,49.07551,-111.96483
Athene cunicularia,50.78051,-108.6492
Athene cunicularia,50.35465,-111.54142
Athene cunicularia,50.71712,-112.43309
Athene cunicularia,50.161025,-105.226482
Athene cunicularia,50.68759,-112.46709
Athene cunicularia,50.07758,-112.64619
Athene cunicularia,51.06703,-111.51971
Athene cunicularia,50.10661,-111.20533
Athene cunicularia,50.70248,-112.4674
Athene cunicularia,51.03729,-111.55333
Athene cunicularia,50.71479,-112.48594
Athene cunicularia,51.06703,-111.51971
Athene cunicularia,50.50677,-109.33002
Athene cunicularia,51.05188,-111.49408
Athene cunicularia,51.06768,-109.72464
Athene cunicularia,50.51229,-109.34461
Athene cunicularia,50.50679,-109.32993
Athene cunicularia,50.86367,-109.37146
Athene cunicularia,51.03729,-111.55333
Athene cunicularia,50.50679,-109.32993
Athene cunicularia,49.89364,-104.48651
Athene cunicularia,51.09891,-109.67896
Athene cunicularia,51.09891,-109.67896
Athene cunicularia,50.55824,-108.45695
Athene cunicularia,50.69408,-112.47622
Athene cunicularia,51.0377,-109.74866
Athene cunicularia,51.21224,-111.61286
Athene cunicularia,49.420617,-111.140918
Athene cunicularia,50.24863,-111.34018
Athene cunicularia,50.10182,-104.94342
Athene cunicularia,50,-111
Athene cunicularia,49.07087,-104.58871
Athene cunicularia,51.06608,-109.72703
Athene cunicularia,49.02129,-105.5222
Athene cunicularia,49.919342,-104.598687
Athene cunicularia,51.06504,-109.72757
Athene cunicularia,50.51262,-109.3487
Athene cunicularia,50.6967,-112.46456
Athene cunicularia,51.06809,-108.79207
Athene cunicularia,51.09891,-109.67896
Athene cunicularia,50.89942,-108.33506
Athene cunicularia,51.06784,-109.6928
Athene cunicularia,51.13929,-108.4929
Athene cunicularia,51.06608,-109.72703
Athene cunicularia,50.90067,-112.46844
Athene cunicularia,51.07193,-108.99269
Athene cunicularia,51.0377,-109.74866
Athene cunicularia,51.09372,-108.92934
Athene cunicularia,51.15579,-109.04073
Athene cunicularia,50.95315,-108.44044
Athene cunicularia,49.08672,-109.69468
Athene cunicularia,50.49931,-111.3147
Athene cunicularia,49.05034,-104.83
Athene cunicularia,50.39682,-111.34628
Athene cunicularia,50.31613,-110.77398
Athene cunicularia,49.47213,-104.00235
Athene cunicularia,51.06703,-111.51971
Athene cunicularia,50.819749,-109.7203
Athene cunicularia,50.69737,-112.45622
Athene cunicularia,50.4025,-111.33374
Athene cunicularia,50.83391,-108.7738
Athene cunicularia,51.065,-109.75863
Athene cunicularia,50.90067,-112.46844
Athene cunicularia,50.10694,-111.19708
Athene cunicularia,50.99342,-112.37614
Athene cunicularia,49.919554,-104.59764
Athene cunicularia,51.0531,-111.40119
Athene cunicularia,50.6967,-112.46456
Athene cunicularia,50.83391,-108.7738
Athene cunicularia,50.7853,-108.65755
Athene cunicularia,51.06661,-109.29391
Athene cunicularia,51.05188,-111.49408
Athene cunicularia,50.45,-104.61667
Athene cunicularia,49,-102.55
Athene cunicularia,50.81969,-108.58484
Athene cunicularia,49.04177,-104.56066
Athene cunicularia,50.45,-104.61667
Athene cunicularia,50.83384,-108.77087
Athene cunicularia,50.70248,-112.4674
Athene cunicularia,50.83384,-108.77087
Athene cunicularia,49,-105
Athene cunicularia,51.00963,-111.37099
Athene cunicularia,51.01669,-111.51757
Athene cunicularia,50.78642,-108.66343
Athene cunicularia,51.01107,-111.57579
Athene cunicularia,50.3,-104.3
Athene cunicularia,50.45,-104.61667
Athene cunicularia,50.45,-104.61667
Athene cunicularia,50.93599,-111.8509
Athene cunicularia,50.92131,-108.43853
Athene cunicularia,51.25006,-107.93435
Athene cunicularia,49.11634,-109.60882
Athene cunicularia,51.24929,-107.93446
Athene cunicularia,51.00831,-112.23819
Athene cunicularia,51.213,-111.61727
Athene cunicularia,51.13333,-108.98118
Athene cunicularia,51.12532,-109.14491
Athene cunicularia,49.95105,-104.75881
Athene cunicularia,50.547255,-111.360591
Athene cunicularia,50.68699,-112.45832
Athene cunicularia,49.860797,-104.482717
Athene cunicularia,49.864132,-104.482236
Athene cunicularia,50.565119,-112.283648
Athene cunicularia,49.860797,-104.482717
Athene cunicularia,49.770767,-103.994718
Athene cunicularia,49.856037,-104.535383
Athene cunicularia,49.770767,-103.994718
Athene cunicularia,50.68699,-112.45832
Athene cunicularia,49.916234,-104.597236
Athene cunicularia,49.909784,-104.450272
Athene cunicularia,49.919652,-104.597542
Athene cunicularia,50.29287,-111.36822
Athene cunicularia,50.71712,-112.43309
Athene cunicularia,49.07551,-111.96483
Athene cunicularia,49.21979,-109.85482
Athene cunicularia,50.819749,-109.7203
Athene cunicularia,50.54537,-111.359208
Athene cunicularia,50.89914,-108.33546
Athene cunicularia,49.883699,-104.531986
Athene cunicularia,50.99473,-111.88417
Athene cunicularia,49.883699,-104.531986
Athene cunicularia,50.166919,-105.259344
Athene cunicularia,50.92148,-111.45379
Athene cunicularia,51.19958,-108.40787
Athene cunicularia,51.26988,-111.73922
Athene cunicularia,50.569442,-112.278244
Athene cunicularia,50.63638,-112.40512
Athene cunicularia,49.8861,-104.534106
Athene cunicularia,50.6589,-108.39378
Athene cunicularia,50.786211,-108.654879
Athene cunicularia,51.50272,-107.972999
Athene cunicularia,50.56944,-112.27824
Athene cunicularia,51.09637,-111.81299
Athene cunicularia,50.61552,-108.35968
Athene cunicularia,51.04169,-111.50163
Athene cunicularia,49.919554,-104.59764
Athene cunicularia,50.786211,-108.654879
Athene cunicularia,51.59054,-112.78736
Athene cunicularia,51.095453,-111.252336
Athene cunicularia,50.79136,-108.68705
Athene cunicularia,50.37372,-111.05862
Athene cunicularia,51.038062,-111.400772
Athene cunicularia,51.03973,-111.502157
Athene cunicularia,51.013758,-111.530844
Athene cunicularia,50.634663,-108.61232
Athene cunicularia,50.824414,-109.720073
Athene cunicularia,50.45238,-110.65917
Athene cunicularia,50.54558,-111.35888
Athene cunicularia,50.615528,-108.359684
Athene cunicularia,50.819982,-109.719456
Athene cunicularia,51.50273,-107.972611
Athene cunicularia,51.500769,-107.972642
Athene cunicularia,50.78919,-108.69132
Athene cunicularia,50.781814,-108.676026
Athene cunicularia,50.78919,-108.69132
Athene cunicularia,50.819982,-109.719456
Athene cunicularia,50.820058,-109.718162
Athene cunicularia,50.819749,-109.7203
Athene cunicularia,51.09564,-111.56559
Athene cunicularia,50.10775,-111.2015
Athene cunicularia,51.299088,-111.338753
Athene cunicularia,51.23279,-111.67822
Athene cunicularia,50.78328,-108.65343
Athene cunicularia,51.26995,-111.77153
Athene cunicularia,50.48579,-110.62235
Athene cunicularia,50.6589,-108.39378
Athene cunicularia,51.09564,-111.56559
Athene cunicularia,51.59054,-112.78736
Athene cunicularia,50.819749,-109.7203
Athene cunicularia,50.45713,-110.65412
Athene cunicularia,50.78508,-108.6568
Athene cunicularia,50.79092,-108.68783
Athene cunicularia,50.78181,-108.67602
Athene cunicularia,50.8304,-108.76299
Athene cunicularia,51.26995,-111.77153
Athene cunicularia,50.45238,-110.65917
Athene cunicularia,51.602596,-107.808718
Athene cunicularia,50.48579,-110.62235
Athene cunicularia,50.58801,-112.28667
Athene cunicularia,49.29802,-108.92877
Athene cunicularia,50.29899,-110.82974
Athene cunicularia,51.03973,-111.50215
Athene cunicularia,50.23099,-111.33329
Athene cunicularia,50.68759,-112.46709
Athene cunicularia,50.01808,-106.80124
Athene cunicularia,50.61041,-108.29029
Athene cunicularia,51.20759,-111.67915
Athene cunicularia,50.61041,-108.29029
Athene cunicularia,50.46667,-104.41667
Athene cunicularia,51.08333,-105.23333
Athene cunicularia,50.93333,-104.36667
Athene cunicularia,50.45,-104.61667
Athene cunicularia,50.45,-104.61667
Athene cunicularia,49.45,-104.28333
Athene cunicularia,51.13281,-102.17601
Athene cunicularia,51.45,-106.8
Athene cunicularia,50.3,-104.3
Athene cunicularia,50.16667,-105.26667
Athene cunicularia,50.45,-104.61667
Athene cunicularia,50.161025,-105.226482
Athene cunicularia,50.99473,-111.88417
Athene cunicularia,51.21495,-111.67875
Athene cunicularia,49.65098,-104.582458
Athene cunicularia,51.05554,-109.7379
Athene cunicularia,51.09891,-109.67896
Athene cunicularia,50.82224,-108.7289
Athene cunicularia,51.13302,-109.3987
Athene cunicularia,51.05389,-109.74263
Athene cunicularia,49.945438,-104.715811
Athene cunicularia,49.909385,-104.44958
Athene cunicularia,50.102034,-104.943327
Athene cunicularia,50.485785,-110.622341
Athene cunicularia,49.948951,-104.757913
Athene cunicularia,49.948951,-104.757913
Athene cunicularia,50.166919,-105.259344
Athene cunicularia,50.161025,-105.226482
Athene cunicularia,50.166919,-105.259344
Athene cunicularia,50.56944,-112.27824
Athene cunicularia,50.101198,-104.942936
Athene cunicularia,50.68871,-108.46798
Athene cunicularia,51.09891,-109.67896
Athene cunicularia,49.08273,-104.82939
Athene cunicularia,50,-104
Athene cunicularia,51.13929,-108.4929
Athene cunicularia,49.40675,-105.11188
Athene cunicularia,49.89364,-104.48651
Athene cunicularia,49.08273,-104.82939
Athene cunicularia,49.87296,-104.78593
Athene cunicularia,49.08273,-104.82939
Athene cunicularia,50.101198,-104.942936
Athene cunicularia,50.101198,-104.942936
Athene cunicularia,49.92257,-104.63312
Athene cunicularia,49.40778,-105.11197
Athene cunicularia,50.69985,-112.46753
Athene cunicularia,49.40778,-105.11197
Athene cunicularia,51.06784,-109.6928
Athene cunicularia,50.101198,-104.942936
Athene cunicularia,50.82224,-108.7289
Athene cunicularia,50.101198,-104.942936
Athene cunicularia,51.06784,-109.6928
Athene cunicularia,49.06077,-104.22612
Athene cunicularia,51.05283,-111.40364
Athene cunicularia,51.09891,-109.67896
Athene cunicularia,49.918497,-104.598917
Athene cunicularia,50.102341,-104.944137
Athene cunicularia,50.5459,-112.29508
Athene cunicularia,50.98059,-111.58332
Athene cunicularia,51.15579,-109.04073
Athene cunicularia,50.54345,-111.35625
Athene cunicularia,49.872902,-104.783566
Athene cunicularia,50.10063,-109.94036
Athene cunicularia,50.86367,-109.37146
Athene cunicularia,51.12983,-108.46793
Athene cunicularia,51.1428,-108.5042
Athene cunicularia,50.07287,-104.94318
Athene cunicularia,51.06784,-109.6928
Athene cunicularia,50,-105
Athene cunicularia,50.86461,-108.08213
Athene cunicularia,51.10261,-110.21497
Athene cunicularia,50.50679,-109.32993
Athene cunicularia,49.07551,-111.96483
Athene cunicularia,50.86367,-109.37146
Athene cunicularia,50.29159,-110.83659
Athene cunicularia,50.24863,-111.34018
Athene cunicularia,50.82224,-108.7289
Athene cunicularia,50.39239,-111.1775
Athene cunicularia,51.09891,-109.67896
Athene cunicularia,51.01972,-111.53631
Athene cunicularia,50.166308,-105.259285
Athene cunicularia,51.01972,-111.53631
Athene cunicularia,50.63638,-112.40512
Athene cunicularia,50.11152,-110.04933
Athene cunicularia,49.28301,-112.13746
Athene cunicularia,50.53414,-112.27245
Athene cunicularia,49.21979,-109.85482
Athene cunicularia,49.02785,-105.51252
Athene cunicularia,49.06961,-104.8201
Athene cunicularia,50.02007,-104.94032
Athene cunicularia,51.15405,-111.7401
Athene cunicularia,50.166788,-105.257495
Athene cunicularia,50.99473,-111.88417
Athene cunicularia,50.51267,-109.34714
Athene cunicularia,50.59873,-111.01922
Athene cunicularia,50.566528,-112.283955
Athene cunicularia,51.01008,-111.35411
Athene cunicularia,51.01008,-111.35411
Athene cunicularia,50.28218,-110.95071
Athene cunicularia,50.98059,-111.58332
Athene cunicularia,50.29987,-111.12818
Athene cunicularia,51.0491,-111.46959
Athene cunicularia,50.68775,-112.47077
Athene cunicularia,49.883699,-104.531986
Athene cunicularia,51.13665,-108.47923
Athene cunicularia,51.1428,-108.5042
Athene cunicularia,50.63638,-112.40512
Athene cunicularia,50.02007,-104.94033
Athene cunicularia,51.01107,-111.57579
Athene cunicularia,50.68759,-112.46709
Athene cunicularia,50.45,-104.61667
Athene cunicularia,49.16667,-104.58333
Athene cunicularia,49.8729,-104.78357
Athene cunicularia,50.4,-105.53333
Athene cunicularia,49.98333,-104.51667
Athene cunicularia,49.98333,-104.51667
Athene cunicularia,51.00502,-107.2314
Athene cunicularia,49.98333,-104.51667
Athene cunicularia,49.18333,-103.66667
Athene cunicularia,49.98333,-104.51667
Athene cunicularia,49.98333,-104.51667
Athene cunicularia,51.5,-107.05
Athene cunicularia,49.66667,-103.85
Athene cunicularia,50.45,-104.61667
Athene cunicularia,49.69381,-105.20731
Athene cunicularia,49.66667,-103.85
Athene cunicularia,51.56667,-107.98333
Athene cunicularia,50.18333,-104.93333
Athene cunicularia,50.25,-104.53333
Athene cunicularia,50.25,-104.53333
Athene cunicularia,50.16667,-105.26667
Athene cunicularia,50.45,-104.61667
Athene cunicularia,50.58777,-112.167384
Athene cunicularia,49.078951,-107.596137
Athene cunicularia,49.010887,-122.349896
Athene cunicularia,49.346581,-107.434525
Athene cunicularia,49.402909,-107.71197
Athene cunicularia,49.156137,-107.455677
Athene cunicularia,49.059327,-107.518272
Athene cunicularia,49.007783,-107.451567
Athene cunicularia,49.368852,-107.592261
Athene cunicularia,50.714688,-120.486941
Athene cunicularia,50.689086,-120.293633
Athene cunicularia,50.235062,-111.142987
Athene cunicularia,49.56,-111.41
Athene cunicularia,49.193974,-107.603998
Athene cunicularia,42.54663,-82.49102
Athene cunicularia,49.776012,-77.6374
Athene cunicularia,48.42422,-71.14896
Athene cunicularia,44.724194,-66.75429
Athene cunicularia,44.724194,-66.75429
Athene cunicularia,44.724194,-66.75429
Athene cunicularia,42.54663,-82.49102
Athene cunicularia,44.724194,-66.75429
Athene cunicularia,44.724194,-66.75429
Athene cunicularia,44.724194,-66.75429
Athene cunicularia,44.724194,-66.75429
Athene cunicularia,44.724194,-66.75429
Athene cunicularia,44.724194,-66.75429
Athene cunicularia,44.724194,-66.75429
Athene cunicularia,44.724194,-66.75429
Athene cunicularia,44.724194,-66.75429
Athene cunicularia,44.724194,-66.75429
Athene cunicularia,44.724194,-66.75429
Athene cunicularia,44.724194,-66.75429
Athene cunicularia,44.724194,-66.75429
Athene cunicularia,44.724194,-66.75429
Athene cunicularia,44.724194,-66.75429
Athene cunicularia,44.724194,-66.75429
Athene cunicularia,44.724194,-66.75429
Athene cunicularia,44.724194,-66.75429
Athene cunicularia,44.724194,-66.75429
Athene cunicularia,44.724194,-66.75429
Athene cunicularia,44.727936,-66.75271
Athene cunicularia,44.724194,-66.75429
Athene cunicularia,44.724194,-66.75429
Athene cunicularia,44.724194,-66.75429
Athene cunicularia,44.724194,-66.75429
Athene cunicularia,44.724194,-66.75429
Athene cunicularia,44.724194,-66.75429
Athene cunicularia,44.724194,-66.75429
Athene cunicularia,44.724194,-66.75429
Athene cunicularia,44.724194,-66.75429
Athene cunicularia,44.724194,-66.75429
Athene cunicularia,44.724194,-66.75429
Athene cunicularia,44.724194,-66.75429
Athene cunicularia,44.724194,-66.75429
Athene cunicularia,44.724194,-66.75429
Athene cunicularia,44.724194,-66.75429
Athene cunicularia,44.724194,-66.75429
Athene cunicularia,44.724194,-66.75429
Athene cunicularia,44.724194,-66.75429
Athene cunicularia,44.724194,-66.75429
Athene cunicularia,44.724194,-66.75429
Athene cunicularia,44.724194,-66.75429
Athene cunicularia,44.724194,-66.75429
Athene cunicularia,44.724194,-66.75429
Athene cunicularia,44.724194,-66.75429
Athene cunicularia,44.724194,-66.75429
Athene cunicularia,44.727467,-66.75248
Athene cunicularia,44.724194,-66.75429
Athene cunicularia,44.724194,-66.75429
Athene cunicularia,44.724194,-66.75429
Athene cunicularia,44.724194,-66.75429
Athene cunicularia,44.724194,-66.75429
Athene cunicularia,44.724194,-66.75429
Athene cunicularia,44.724194,-66.75429
Athene cunicularia,44.724194,-66.75429
Athene cunicularia,44.724194,-66.75429
Athene cunicularia,44.482452,-63.535908
Athene cunicularia,44.724194,-66.75429
Athene cunicularia,44.724194,-66.75429
Athene cunicularia,44.724194,-66.75429
Athene cunicularia,44.724194,-66.75429
Athene cunicularia,44.724194,-66.75429
Athene cunicularia,44.724194,-66.75429
Athene cunicularia,44.724194,-66.75429
Athene cunicularia,44.724194,-66.75429
Athene cunicularia,44.724194,-66.75429
Athene cunicularia,44.724194,-66.75429
Athene cunicularia,44.724194,-66.75429
Athene cunicularia,44.724194,-66.75429
Athene cunicularia,44.728138,-66.75288
Athene cunicularia,49.946553,-110.045242
Athene cunicularia,49.011074,-107.449372
Athene cunicularia,49.087514,-107.478965
Athene cunicularia,49.379715,-107.430868
Athene cunicularia,50.421349,-106.312285
Athene cunicularia,50.366699,-119.349998
Athene cunicularia,49.377086,-107.431492
Athene cunicularia,49.350508,-107.569524
Athene cunicularia,49.789978,-102.769575
Athene cunicularia,49.116887,-107.503852
Athene cunicularia,49.15594,-107.587285
Athene cunicularia,51,-122
Athene cunicularia,50.0833,-98
Athene cunicularia,50.4,-105.533
Athene cunicularia,49.7667,-100.633
Athene cunicularia,50.6667,-120.317
Athene cunicularia,49.8781,-97.3186
Athene cunicularia,49,-120
Athene cunicularia,49.85,-100.933
Athene cunicularia,49.8833,-113.05
Athene cunicularia,49.85,-100.933
Athene cunicularia,49.15,-112.083
Athene cunicularia,50.2833,-107.8
Athene cunicularia,49.6667,-100.75
Athene cunicularia,49.4667,-105.367
Athene cunicularia,49.75,-77.6667
Athene cunicularia,48.4167,-71.1833
Athene cunicularia,50.4,-105.533
Athene cunicularia,49.1333,-102.983
Athene cunicularia,49.2333,-100.317
Athene cunicularia,52,-121
Athene cunicularia,49.3667,-109.183
Athene cunicularia,49.8833,-113.05
Athene cunicularia,49.00288,-107.439506
Athene cunicularia,45.43005,-76.34969
Athene cunicularia,45.426876,-76.34326
Athene cunicularia,49.23825,-123.15169
Athene cunicularia,49.276701,-107.515286
Athene cunicularia,41.938902,-82.732801
Athene cunicularia,51.660278,-112.767222
Athene cunicularia,49.2175,-123.2
Athene cunicularia,50.235309,-119.354307
Athene cunicularia,49.225875,-123.116339
Athene cunicularia,49.090368,-123.082198
Athene cunicularia,50.504593,-111.16433
Athene cunicularia,49.162123,-123.107226
Athene cunicularia,49.322698,-123.060573
Athene cunicularia,49.106224,-107.406355
Athene cunicularia,49.355831,-97.836983
Athene cunicularia,49.600037,-109.717392
Athene cunicularia,49.183332,-119.549999
Athene cunicularia,49.454959,-123.803902
Athene cunicularia,49.233337,-107.733334
Athene cunicularia,43.871289,-79.025593
Athene cunicularia,49.202794,-123.95977
Athene cunicularia,51.034486,-114.069672
Athene cunicularia,51.034486,-114.069672
Athene cunicularia,49.183332,-119.549999
Athene cunicularia,50.58333,-111.88333
Athene cunicularia,45.426876,-76.34326
Athene cunicularia,42.26359,-81.94591
Athene cunicularia,43.83798,-79.63893
Athene cunicularia,45.426876,-76.34326
Athene cunicularia,45.428627,-76.33976
Athene cunicularia,45.426876,-76.34326
